index,x1_b,x2_b,_cons_b,nobs,ncoef,F,r2adj
1,0.002838619,,0.5000604,100000,2,0.7927322,-2.072702973254792e-6
2,,0.0010795562,0.5009439,100000,2,0.12516741,-8.748489946475146e-6
3,0.0028343515,0.0010684774,0.4995286,100000,3,0.4649066,-1.0702089460856712e-5
